id,code,section,weight,critical,standard,evidence
1,01.01,01. Собственник и архитектура управления,0.5333,НЕТ,Определён целевой гость ресторана и его ключевые сценарии посещения.,Попросить собственника и управляющего независимо описать 2–4 ключевых сегмента и сверить ответы.
2,01.02,01. Собственник и архитектура управления,0.5333,НЕТ,"Зафиксировано, какое впечатление и эмоциональное состояние ресторан обещает гостю.","Есть 3–5 конкретных формулировок, которые можно перевести в поведение персонала."
3,01.03,01. Собственник и архитектура управления,0.5333,ДА,На старт консалтинга согласованы 3–5 измеримых результатов на 60 дней.,"Есть документ Day 0 с исходным значением, целью и владельцем каждого результата."
4,01.04,01. Собственник и архитектура управления,0.5333,ДА,Оргструктура ресторана понятна команде; по каждой функции известен владелец результата.,Выборочно спросить 5 сотрудников: кто принимает решение по типовым вопросам.
5,01.05,01. Собственник и архитектура управления,0.5333,ДА,"Границы ролей собственника, управляющего и менеджеров зафиксированы.",Нет дублирования и противоречивых указаний в одной и той же зоне ответственности.
6,01.06,01. Собственник и архитектура управления,0.5333,НЕТ,Назначен владелец стандарта сервиса и его актуальности.,"Есть конкретная должность/ФИО, а не 'все отвечают'."
7,01.07,01. Собственник и архитектура управления,0.5333,ДА,Есть понятная матрица эскалации: сотрудник → менеджер → управляющий → собственник.,"Проверить на 3 кейсах: жалоба, конфликт, компенсация."
8,01.08,01. Собственник и архитектура управления,0.5333,ДА,Собственник не отменяет решения управляющего публично перед командой без критической причины.,Интервью с командой + примеры за последние 30 дней.
9,01.09,01. Собственник и архитектура управления,0.5333,НЕТ,"Есть единое место, где хранится актуальная версия стандартов, инструкций и чек-листов.",Сотрудник может за 2 минуты найти нужный стандарт.
10,01.10,01. Собственник и архитектура управления,0.5333,НЕТ,Определён регулярный ритм управления: weekly + monthly review.,"Есть календарь встреч, повестки и зафиксированные решения."
11,01.11,01. Собственник и архитектура управления,0.5333,НЕТ,У каждой управленческой задачи есть владелец и срок.,Проверить последние 10 задач: owner + deadline + статус.
12,01.12,01. Собственник и архитектура управления,0.5333,НЕТ,"Исключения из правил фиксируются и разбираются, а не становятся новой нормой.",Есть журнал/история решений по повторяющимся исключениям.
13,01.13,01. Собственник и архитектура управления,0.5333,НЕТ,Ключевые приоритеты ресторана одинаково понимают собственник и менеджмент.,Сверить ответы 3 руководителей на вопрос 'что сейчас важнее всего?'.
14,01.14,01. Собственник и архитектура управления,0.5333,НЕТ,Изменения стандартов версионируются и доводятся до команды.,Дата версии + подтверждение обучения/ознакомления.
15,01.15,01. Собственник и архитектура управления,0.5333,НЕТ,"Замерено, сколько времени собственник лично тратит на операционные 'пожары'.",Baseline: часов/неделю и типы вмешательств; повторный замер через 30/60 дней.
16,02.01,02. Управление сменой и лидерство,0.8,НЕТ,Pre-shift проводится перед каждой значимой сменой по одной архитектуре.,"Наблюдение минимум 2 смен; длительность, повестка, присутствующие."
17,02.02,02. Управление сменой и лидерство,0.8,ДА,"До открытия распределены секции, роли и зоны помощи.",Есть схема смены; каждый сотрудник знает свою зону и backup.
18,02.03,02. Управление сменой и лидерство,0.8,ДА,"В пиковое время менеджер присутствует на полу, а не занят административной работой.",Наблюдение в пик 60–90 минут.
19,02.04,02. Управление сменой и лидерство,0.8,НЕТ,У менеджера есть регулярный floor walk с фиксированными зонами контроля.,"Entrance, host, зал, pass, бар, туалеты, атмосфера, проблемные столы."
20,02.05,02. Управление сменой и лидерство,0.8,НЕТ,Менеджер видит текущую нагрузку команды и перераспределяет её до сбоя сервиса.,"Наблюдение + кейс, как менялись секции/помощь в последнюю перегрузку."
21,02.06,02. Управление сменой и лидерство,0.8,НЕТ,"До сервиса менеджер знает брони, VIP, special occasions и потенциально сложные столы.",Pre-shift / booking notes / передача хостес.
22,02.07,02. Управление сменой и лидерство,0.8,НЕТ,"Менеджер не только реагирует на проблемы, но и наблюдает качество до появления жалобы.",Минимум 3 примера превентивного вмешательства за неделю.
23,02.08,02. Управление сменой и лидерство,0.8,НЕТ,Обратная связь сотруднику по серьёзному инциденту даётся не позже следующей смены.,Проверить 3 последних инцидента и сроки обратной связи.
24,02.09,02. Управление сменой и лидерство,0.8,НЕТ,С ключевыми сотрудниками проходят короткие регулярные 1:1.,"Есть ритм, заметки, договорённости и follow-up."
25,02.10,02. Управление сменой и лидерство,0.8,ДА,Коучинг и коррекция поведения не происходят через публичное унижение.,Анонимное интервью команды + наблюдение.
26,02.11,02. Управление сменой и лидерство,0.8,НЕТ,Ожидания от менеджеров описаны наблюдаемыми действиями и KPI.,"Не 'хорошо управляет', а конкретные обязанности/метрики."
27,02.12,02. Управление сменой и лидерство,0.8,ДА,Одинаковые нарушения получают одинаковую управленческую реакцию независимо от личности.,Сравнить 2–3 сходных кейса.
28,02.13,02. Управление сменой и лидерство,0.8,НЕТ,"Пределы делегирования менеджера понятны: что он решает сам, что эскалирует.","Кейсы скидок, конфликтов, возвратов, staffing."
29,02.14,02. Управление сменой и лидерство,0.8,ДА,Передача смены между менеджерами документирована.,"Pending issues, VIP, maintenance, people issues, cash/ops."
30,02.15,02. Управление сменой и лидерство,0.8,НЕТ,"После смены фиксируются ключевые инциденты, победы и задачи на следующий день.",Проверить logbook за последние 7 дней.
31,03.01,"03. Команда, найм и культура",0.6667,НЕТ,"Для ключевых ролей есть профиль: результат роли, компетенции и поведенческие ожидания.",Официант/хостес/бар/менеджер: 1 страница на роль.
32,03.02,"03. Команда, найм и культура",0.6667,НЕТ,"При найме оцениваются и техника, и hospitality-поведение кандидата.",Есть отдельные вопросы/критерии на оба блока.
33,03.03,"03. Команда, найм и культура",0.6667,НЕТ,"Собеседование проводится по повторяемой структуре, а не 'по ощущениям'.",Есть scorecard интервью и одинаковые обязательные вопросы.
34,03.04,"03. Команда, найм и культура",0.6667,НЕТ,Перед оффером проверяется соответствие опыта/мотивации реальным требованиям роли.,Есть критерии допуска; причины отказов фиксируются.
35,03.05,"03. Команда, найм и культура",0.6667,НЕТ,"Кандидат заранее понимает реальные условия смены, нагрузки и стандарты.",Realistic job preview до выхода; минимум сюрпризов после найма.
36,03.06,"03. Команда, найм и культура",0.6667,НЕТ,Ценности переведены в 4–6 конкретных моделей поведения.,Можно наблюдать и дать обратную связь; нет лозунгов без поведения.
37,03.07,"03. Команда, найм и культура",0.6667,ДА,Сотрудник может безопасно сообщить об ошибке/проблеме без страха автоматического наказания.,"Анонимно спросить: 'что будет, если признаться в ошибке?'."
38,03.08,"03. Команда, найм и культура",0.6667,ДА,"В команде нет системного фаворитизма: правила смен, дисциплины и развития применяются последовательно.",Сравнить решения по 3 сотрудникам; анонимные интервью.
39,03.09,"03. Команда, найм и культура",0.6667,НЕТ,"Есть регулярное признание правильного поведения, а не только разбор ошибок.",Примеры за последние 2 недели; recognition встроен в pre-shift/1:1.
40,03.10,"03. Команда, найм и культура",0.6667,НЕТ,Понятен путь роста для сильного линейного сотрудника.,Сотрудник может назвать следующий шаг и критерии.
41,03.11,"03. Команда, найм и культура",0.6667,НЕТ,Exit interview проводится для добровольных увольнений.,Есть форма и база причин минимум за 3 месяца.
42,03.12,"03. Команда, найм и культура",0.6667,НЕТ,"Причины увольнений классифицируются и считаются, а не остаются историями.",Категории + частота + повторяемость по менеджерам/сменам.
43,03.13,"03. Команда, найм и культура",0.6667,НЕТ,"Опоздания, неявки и замены фиксируются и анализируются.",Есть единый журнал/система и тренд.
44,03.14,"03. Команда, найм и культура",0.6667,НЕТ,Есть план покрытия критических смен и резерв по ключевым ролям.,Проверить сценарий: заболели 2 сотрудника перед пятницей.
45,03.15,"03. Команда, найм и культура",0.6667,ДА,Для межличностных конфликтов есть понятный путь разрешения и срок реакции.,"Команда знает, к кому идти; затяжные конфликты не игнорируются."
46,04.01,04. Онбординг и обучение,0.6667,НЕТ,Первый день новичка имеет фиксированную программу.,"Знакомство, концепция, команда, безопасность, правила, маршрут обучения."
47,04.02,04. Онбординг и обучение,0.6667,НЕТ,За новичком закреплён наставник/mentor на период адаптации.,ФИО наставника + обязанности + контроль прогресса.
48,04.03,04. Онбординг и обучение,0.6667,НЕТ,Есть план адаптации 7/14/30 дней с понятными этапами допуска.,Проверить текущего новичка по плану.
49,04.04,04. Онбординг и обучение,0.6667,НЕТ,"Знание меню подтверждается аттестацией, а не только стажировкой.",Тест/устный экзамен + проходной балл.
50,04.05,04. Онбординг и обучение,0.6667,НЕТ,Сервисный цикл отрабатывается и проверяется отдельно.,Role play + наблюдение реальной смены.
